{"eval_loss":2.0121654834598304,"eval_acc":0.2383,"_step":3,"_runtime":46.964335619,"_wandb":{"runtime":46},"train_loss":2.0444363313674927,"_timestamp":1.7634316342681625e+09}